{"cameraMode":{"drawMode":0,"name":"Shaded","section":"Shading Mode"},"sceneLighting":true,"audioPlay":false,"sceneViewState":{"m_AlwaysRefresh":false,"showFog":true,"showSkybox":true,"showFlares":true,"showImageEffects":true,"showParticleSystems":true,"showVisualEffectGraphs":true,"m_FxEnabled":true},"in2DMode":false,"pivot":{"x":0.9972705841064453,"y":-1.5604009628295899,"z":2.731740951538086},"rotation":{"x":0.18914365768432618,"y":0.33678942918777468,"z":-0.06925802677869797,"w":0.9197973012924194},"size":5.545119762420654,"orthographic":false}